2008,11,1,3,2339
2008,11,1,4,2394
2008,11,1,5,2424
2008,11,1,6,2368
2008,11,1,7,2223
2008,11,1,8,1995
2008,11,1,9,1732
2008,11,1,10,1514
2008,11,1,11,1422
2008,11,1,12,1451
2008,11,1,13,1592
2008,11,1,14,1810
2008,11,1,15,2038
2008,11,1,16,2220
2008,11,1,17,2312
2008,11,1,18,2332
2008,11,1,19,2267
2008,11,1,20,2121
2008,11,1,21,1937
2008,11,1,22,1771
2008,11,1,23,1681
2008,11,2,0,1711
2008,11,2,1,1836
2008,11,2,2,2007
2008,11,2,3,2180
2008,11,2,4,2313
2008,11,2,5,2384
2008,11,2,6,2384
2008,11,2,7,2299
2008,11,2,8,2131
2008,11,2,9,1901
2008,11,2,10,1671
2008,11,2,11,1507
2008,11,2,12,1467
2008,11,2,13,1536
2008,11,2,14,1689
2008,11,3,22,1971
2008,11,4,13,1557
2008,11,4,14,1574
2008,11,4,15,1657
2008,11,4,16,1789
2008,11,4,17,1936
2008,11,4,18,2057
2008,11,4,19,2134
2008,11,4,20,2168
2008,11,4,21,2143
2008,11,4,22,2068
2008,11,4,23,1967
2008,11,5,0,1868
2008,11,5,1,1801
2008,11,5,2,1786
2008,11,5,3,1828
2008,11,5,4,1912
2008,11,5,5,2011
2008,11,5,6,2093
2008,11,5,7,2144
2008,11,5,8,2154
2008,11,5,9,2107
2008,11,5,10,2005
2008,11,5,11,1863
2008,11,5,12,1721
2008,11,5,13,1644
2008,11,5,14,1651
2008,11,5,15,1629
2008,11,5,16,1704
2008,11,5,17,1823
2008,11,5,18,1956
2008,11,5,19,2065
2008,11,5,20,2141
2008,11,5,21,2181
2008,11,5,22,2171
2008,11,5,23,2117
2008,11,6,0,2019
2008,11,6,1,1915
2008,11,6,2,1844
2008,11,6,3,1818
2008,11,6,4,1840
2008,11,6,5,1903
2008,11,6,6,1985
2008,11,6,7,2060
2008,11,6,8,2112
2008,11,6,9,2130
2008,11,6,10,2096
2008,11,6,11,2067
2008,11,6,12,1944
2008,11,6,13,1817
2008,11,6,14,1717
2008,11,6,15,1668
2008,11,6,16,1672
2008,11,6,17,1704
2008,11,6,18,1828
2008,11,6,19,1968
2008,11,6,20,2061
2008,11,6,21,2128
2008,11,6,22,2206
2008,11,6,23,2234
2008,11,7,0,2196
2008,11,7,1,2118
2008,11,7,2,1989
2008,11,7,3,1880
2008,11,7,4,1813
2008,11,7,5,1798
2008,11,7,6,1838
2008,11,7,7,1911
2008,11,7,8,2005
2008,11,7,9,2129
2008,11,7,10,2080
2008,11,7,11,2122
2008,11,7,12,2047
2008,11,7,13,1931
2008,11,7,14,1809
2008,11,7,15,1705
2008,11,7,16,1609
2008,11,7,17,1600
2008,11,7,18,1658
2008,11,7,19,1775
2008,11,7,20,1912
2008,11,7,21,2036
2008,11,7,22,2140
2008,11,7,23,2238
2008,11,8,0,2252
2008,11,8,1,2196
2008,11,8,2,2083
2008,11,8,3,1948
2008,11,8,4,1819
2008,11,8,5,1738
2008,11,8,6,1722
2008,11,8,7,1771
2008,11,8,8,1867
2008,11,8,9,1976
2008,11,8,10,2069
2008,11,8,11,2123
2008,11,8,12,2110
2008,11,8,13,2084
2008,11,8,14,1963
2008,11,8,15,1816
2008,11,8,16,1682
2008,11,8,17,1596
2008,11,8,18,1581
2008,11,8,19,1649
2008,11,8,20,1788
2008,11,8,21,1949
2008,11,8,22,2101
2008,11,8,23,2221
2008,11,9,0,2302
2008,11,9,1,2383
2008,11,9,2,2265
2008,11,9,3,2084
2008,11,9,4,1877
2008,11,9,5,1676
2008,11,9,6,1560
2008,11,9,7,1532
2008,11,9,8,1641
2008,11,9,9,1810
2008,11,9,10,1991
2008,11,9,11,2120
2008,11,9,12,2203
2008,11,9,13,2216
2008,11,9,14,2148
2008,11,9,15,2001
2008,11,9,16,1819
2008,11,9,17,1654
2008,11,9,18,1553
2008,11,9,19,1543
2008,11,9,20,1639
2008,11,9,21,1827
2008,11,9,22,2050
2008,11,9,23,2253
2008,11,10,0,2371
2008,11,10,1,2457
2008,11,10,2,2425
2008,11,10,3,2301
2008,11,10,4,2074
2008,11,10,5,1828
2008,11,10,6,1631
2008,11,10,7,1529
2008,11,10,8,1541
2008,11,10,9,1656
2008,11,10,10,1837
2008,11,10,11,2023
2008,11,10,12,2177
2008,11,10,13,2268
2008,11,10,14,2276
2008,11,10,15,2187
2008,11,10,16,1999
2008,11,10,17,1772
2008,11,10,18,1600
2008,11,10,19,1518
2008,11,10,20,1553
2008,11,10,21,1709
2008,11,10,22,1943
2008,11,10,23,2187
2008,11,11,0,2393
2008,11,11,1,2526
2008,11,11,2,2563
2008,11,11,3,2484
2008,11,11,4,2266
2008,11,11,5,1948
2008,11,11,6,1627
2008,11,11,7,1433
2008,11,11,8,1366
2008,11,11,9,1433
2008,11,11,10,1603
2008,11,11,11,1832
2008,11,11,12,2043
2008,11,11,13,2214
2008,11,11,14,2308
2008,11,11,15,2302
2008,11,11,16,2180
2008,11,11,17,1966
2008,11,11,18,1722
2008,11,11,19,1532
2008,11,11,20,1457
2008,11,11,21,1524
2008,11,11,22,1720
2008,11,11,23,2022
2008,11,12,0,2128
2008,11,12,23,1833
2008,11,13,0,2111
2008,11,13,1,2358
2008,11,13,2,2527
2008,11,13,17,2376
2008,11,13,18,2155
2008,11,13,19,1861
2008,11,13,20,1577
2008,11,13,21,1418
2008,11,13,22,1416
2008,11,13,23,1564
2008,11,14,0,1823
2008,11,14,1,2117
2008,11,14,2,2365
2008,11,14,3,2529
2008,11,14,4,2595
2008,11,14,5,2505
2008,11,14,6,2267
2008,11,14,7,1902
2008,11,14,8,1510
2008,11,14,9,1224
2008,11,14,10,1095
2008,11,14,11,1131
2008,11,14,12,1350
2008,11,14,13,1622
2008,11,14,14,1962
2008,11,14,15,2201
2008,11,14,16,2359
2008,11,15,10,1138
2008,11,16,12,1115
2008,11,17,11,1391
2008,11,17,12,1271
2008,11,17,13,1262
2008,11,17,14,1378
2008,11,17,15,1570
2008,11,17,16,1798
2008,11,18,11,1709
2008,11,18,12,1502
2008,11,18,13,1390
2008,11,18,14,1384
2008,11,18,15,1481
2008,11,19,10,2154
2008,11,19,11,2001
2008,11,19,12,1788
2008,11,19,13,1610
2008,11,19,14,1506
2008,11,19,15,1487
2008,11,19,16,1555
2008,11,19,17,1721
2008,11,19,18,1901
2008,11,19,19,2066
2008,11,19,20,2213
2008,11,19,21,2324
2008,11,19,22,2375
2008,11,19,23,2334
2008,11,20,0,2208
2008,11,20,1,2040
2008,11,20,2,1896
2008,11,20,3,1781
2008,11,20,4,1758
2008,11,20,5,1803
2008,11,20,6,1892
2008,11,20,7,1995
2008,11,20,8,2082
2008,11,20,9,2140
2008,11,20,10,2160
2008,11,20,11,2110
2008,11,20,12,1986
2008,11,20,13,1808
2008,11,20,14,1650
2008,11,20,15,1563
2008,11,20,16,1546
2008,11,20,17,1610
2008,11,20,18,1733
2008,11,20,19,1879
2008,11,20,20,2023
2008,11,21,9,2031
2008,11,21,10,2107
2008,11,21,11,2144
2008,11,21,12,2115
2008,11,21,13,2014
2008,11,21,14,1871
2008,11,21,15,1735
2008,11,21,16,1643
2008,11,21,17,1618
2008,11,21,18,1673
2008,11,21,19,1789
2008,11,21,20,1932
2008,11,21,21,2032
2008,11,21,22,2168
2008,11,21,23,2276
2008,11,22,0,2319
2008,11,22,1,2267
2008,11,22,2,2118
2008,11,22,3,1923
2008,11,22,4,1748
2008,11,22,5,1626
2008,11,22,6,1574
2008,11,22,7,1602
2008,11,22,8,1687
2008,11,22,9,1798
2008,11,22,10,1906
2008,11,22,11,1996
2008,11,22,12,2044
2008,11,22,13,2028
2008,11,22,14,1935
2008,11,22,15,1791
2008,11,22,16,1658
2008,11,22,17,1565
2008,11,22,18,1545
2008,11,22,19,1608
2008,11,22,20,1729
2008,11,22,21,1877
2008,11,22,22,2036
2008,11,22,23,2186
2008,11,23,0,2296
2008,11,23,1,2332
2008,11,23,2,2266
2008,11,23,3,2105
2008,11,23,4,1900
2008,11,23,5,1712
2008,11,23,6,1585
2008,11,23,7,1542
2008,11,23,8,1564
2008,11,23,9,1650
2008,11,23,10,1781
2008,11,23,11,1906
2008,11,23,12,2008
2008,11,23,13,2065
2008,11,23,14,2048
2008,11,23,15,1983
2008,11,23,16,1865
2008,11,23,17,1712
2008,11,23,18,1612
2008,11,23,19,1593
2008,11,23,20,1669
2008,11,23,21,1809
2008,11,23,22,1977
2008,11,23,23,2147
2008,11,24,0,2291
2008,11,24,1,2375
2008,11,24,2,2377
2008,11,24,3,2271
2008,11,24,4,2070
2008,11,24,5,1835
2008,11,24,6,1535
2008,11,24,7,1462
2008,11,24,8,1490
2008,11,24,9,1580
2008,11,24,10,1731
2008,11,24,11,1900
2008,11,24,12,2057
2008,11,24,13,2125
2008,11,24,14,2134
2008,11,24,15,2100
2008,11,24,16,1976
2008,11,24,17,1801
2008,11,24,18,1640
2008,11,24,19,1547
2008,11,24,20,1553
2008,11,24,21,1651
2008,11,24,22,1810
2008,11,24,23,1989
2008,11,25,0,2151
2008,11,26,3,2319
2008,11,26,20,1500
2008,11,26,21,1488
2008,11,26,22,1587
2008,11,26,23,1769
2008,11,27,0,1981
2008,11,27,1,2175
2008,11,27,2,2305
2008,11,27,3,2364
2008,11,27,4,2341
2008,11,27,5,2206
2008,11,27,6,1966
2008,11,27,7,1689
2008,11,27,8,1463
2008,11,27,9,1343
2008,11,27,10,1345
2008,11,27,11,1467
2008,11,27,12,1671
2008,11,27,13,1890
2008,11,27,14,2072
2008,11,27,15,2196
2008,11,27,16,2246
2008,11,27,17,2202
2008,11,27,18,2060
2008,11,27,19,1855
2008,11,27,20,1658
2008,11,27,21,1548
2008,11,27,22,1552
2008,11,27,23,1663
2008,11,28,0,1837
2008,11,28,18,2135
2008,11,28,19,2009
2008,12,1,3,2017
2008,12,1,4,2179
2008,12,3,11,1527
2008,12,3,12,1337
2008,12,3,13,1311
2008,12,3,14,1383
2008,12,3,15,1537
2008,12,3,16,1700
2008,12,3,17,1954
2008,12,3,18,2017
2008,12,3,19,2124
2008,12,3,20,2152
2008,12,3,21,2164
2008,12,3,22,2025
2008,12,3,23,1853
2008,12,4,0,1814
2008,12,4,1,1646
2008,12,4,2,1634
2008,12,4,3,1695
2008,12,4,4,1812
2008,12,4,5,1968
2008,12,4,6,2093
2008,12,4,7,2168
2008,12,4,8,2162
2008,12,4,9,1995
2008,12,4,10,1934
2008,12,4,11,1706
2008,12,4,12,1545
2008,12,4,13,1449
2008,12,4,14,1442
2008,12,4,15,1515
2008,12,4,16,1657
2008,12,4,17,1788
2008,12,4,18,1964
2008,12,4,19,2095
2008,12,4,20,2177
2008,12,4,21,2206
2008,12,4,22,2169
2008,12,4,23,2089
2008,12,5,0,1923
2008,12,5,1,1785
2008,12,5,2,1689
2008,12,5,3,1666
2008,12,5,4,1707
2008,12,5,5,1841
2008,12,5,6,1983
2008,12,5,7,2098
2008,12,5,8,2112
2008,12,5,9,2122
2008,12,5,10,2022
2008,12,5,11,1866
2008,12,5,12,1681
2008,12,5,13,1514
2008,12,5,14,1411
2008,12,5,15,1429
2008,12,5,16,1522
2008,12,5,17,1683
2008,12,5,18,1824
2008,12,5,19,1969
2008,12,5,20,2104
2008,12,5,21,2198
2008,12,5,22,2225
2008,12,5,23,2168
2008,12,6,0,2046
2008,12,6,1,1893
2008,12,6,2,1756
2008,12,6,3,1677
2008,12,6,4,1668
2008,12,6,5,1720
2008,12,6,6,1816
2008,12,6,7,1925
2008,12,6,8,2012
2008,12,6,9,2059
2008,12,6,10,2038
2008,12,6,11,1958
2008,12,6,12,1845
2008,12,6,13,1703
2008,12,6,14,1554
2008,12,6,15,1509
2008,12,6,16,1497
2008,12,6,17,1557
2008,12,6,18,1683
2008,12,6,19,1854
2008,12,6,20,1984
2008,12,6,21,2112
2008,12,6,22,2201
2008,12,6,23,2255
2008,12,7,0,2157
2008,12,7,1,1991
2008,12,7,2,1775
2008,12,7,3,1618
2008,12,7,4,1521
2008,12,7,5,1493
2008,12,7,6,1534
2008,12,7,7,1629
2008,12,7,8,1745
2008,12,7,9,1885
2008,12,7,10,1917
2008,12,7,11,1961
2008,12,7,12,1942
2008,12,7,13,1864
2008,12,7,14,1751
2008,12,7,15,1568
2008,12,7,16,1493
2008,12,7,17,1488
2008,12,7,18,1562
2008,12,7,19,1706
2008,12,7,20,1879
2008,12,7,21,2037
2008,12,7,22,2164
2008,12,7,23,2243
2008,12,8,0,2234
2008,12,8,1,2137
2008,12,8,2,1964
2008,12,8,3,1752
2008,12,8,4,1559
2008,12,8,5,1430
2008,12,8,6,1385
2008,12,8,7,1433
2008,12,8,8,1547
2008,12,8,9,1727
2008,12,8,10,1894
2008,12,8,11,2025
2008,12,8,12,1999
2008,12,8,13,1810
2008,12,8,14,1878
2008,12,8,15,1683
2008,12,8,16,1542
2008,12,8,17,1446
2008,12,8,18,1427
2008,12,8,19,1521
2008,12,8,20,1670
2008,12,8,21,1843
2008,12,8,22,2038
2008,12,8,23,2193
2008,12,9,0,2288
2008,12,9,1,2294
2008,12,9,2,2196
2008,12,9,3,2012
2008,12,9,4,1756
2008,12,9,5,1534
2008,12,9,6,1390
2008,12,9,7,1346
2008,12,9,8,1402
2008,12,9,9,1539
2008,12,9,10,1709
2008,12,9,11,1864
2008,12,9,12,2005
2008,12,9,13,2054
2008,12,9,14,2022
2008,12,9,15,1948
2008,12,9,16,1796
2008,12,9,17,1570
2008,12,9,18,1421
2008,12,9,19,1407
2008,12,9,20,1462
2008,12,9,21,1692
2008,12,9,22,1894
2008,12,9,23,2134
2008,12,10,0,2288
2008,12,10,1,2367
2008,12,10,2,2330
2008,12,10,3,2195
2008,12,10,4,1958
2008,12,10,5,1677
2008,12,10,6,1375
2008,12,10,7,1236
2008,12,10,8,1203
2008,12,10,9,1288
2008,12,10,10,1478
2008,12,10,11,1727
2008,12,10,12,1868
2008,12,10,13,2009
2008,12,10,14,2081
2008,12,10,15,2073
2008,12,10,16,1932
2008,12,10,17,1722
2008,12,10,18,1462
2008,12,10,19,1352
2008,12,10,20,1331
2008,12,10,21,1446
2008,12,10,22,1643
2008,12,10,23,1895
2008,12,11,0,2131
2008,12,11,1,2302
2008,12,11,2,2358
2008,12,11,3,2304
2008,12,11,4,2151
2008,12,11,5,1858
2008,12,11,6,1467
2008,12,11,7,1234
2008,12,11,8,1063
2008,12,11,9,1039
2008,12,11,10,1196
2008,12,11,11,1424
2008,12,11,12,1678
2008,12,11,13,1847
2008,12,11,14,2086
2008,12,11,15,2145
2008,12,11,16,2091
2008,12,11,17,1932
2008,12,11,18,1681
2008,12,11,19,1436
2008,12,11,20,1295
2008,12,11,21,1294
2008,12,11,22,1423
2008,12,11,23,1692
2008,12,12,0,1962
2008,12,12,1,2200
2008,12,12,2,2368
2008,12,12,3,2443
2008,12,12,4,2368
2008,12,12,5,2102
2008,12,12,6,1759
2008,12,12,7,1411
2008,12,12,8,1128
2008,12,12,9,975
2008,12,12,10,1015
2008,12,12,11,1203
2008,12,12,12,1491
2008,12,12,13,1795
2008,12,12,14,2034
2008,12,12,15,2203
2008,12,12,16,2278
2008,12,13,11,1027
2008,12,13,12,1255
2008,12,13,13,1571
2008,12,13,14,1846
2008,12,13,15,2057
2008,12,14,10,1026
2008,12,14,11,936
2008,12,14,12,1042
2008,12,14,13,1288
2008,12,14,14,1608
2008,12,14,15,1926
2008,12,14,16,2212
2008,12,14,17,2355
2008,12,15,9,1580
2008,12,15,10,1241
2008,12,15,11,1033
2008,12,15,12,1007
2008,12,15,13,1125
2008,12,15,14,1403
2008,12,15,15,1687
2008,12,15,16,1974
2008,12,15,17,2210
2008,12,16,7,2304
2008,12,16,8,2153
2008,12,16,9,1877
2008,12,16,10,1532
2008,12,16,11,1254
2008,12,16,12,1055
2008,12,16,13,1073
2008,12,16,14,1230
2008,12,16,15,1454
2008,12,16,16,1727
2008,12,16,17,1995
2008,12,16,18,2231
2008,12,16,19,2334
2008,12,16,20,2328
2008,12,16,21,2190
2008,12,16,22,1950
2008,12,16,23,1687
2008,12,17,0,1487
2008,12,17,1,1430
2008,12,17,2,1475
2008,12,17,3,1619
2008,12,17,4,1813
2008,12,17,5,1995
2008,12,17,6,2220
2008,12,17,7,2228
2008,12,17,8,2188
2008,12,17,9,2074
2008,12,17,10,1785
2008,12,17,11,1485
2008,12,17,12,1274
2008,12,17,13,1179
2008,12,17,14,1237
2008,12,17,15,1400
2008,12,17,16,1566
2008,12,17,17,1894
2008,12,17,18,2035
2008,12,17,19,2220
2008,12,17,20,2339
2008,12,17,21,2326
2008,12,17,22,2192
2008,12,17,23,1967
2008,12,18,0,1799
2008,12,18,1,1567
2008,12,18,2,1548
2008,12,18,3,1604
2008,12,18,4,1632
2008,12,18,5,1843
2008,12,18,6,2012
2008,12,18,7,2076
2008,12,18,8,2156
2008,12,18,9,2139
2008,12,18,10,2016
2008,12,18,11,1812
2008,12,18,12,1565
2008,12,18,13,1412
2008,12,18,14,1322
2008,12,18,15,1401
2008,12,18,16,1553
2008,12,18,17,1754
2008,12,18,18,1929
2008,12,18,19,2137
2008,12,18,20,2286
2008,12,18,21,2354
2008,12,18,22,2337
2008,12,18,23,2215
2008,12,19,0,2021
2008,12,19,1,1814
2008,12,19,2,1667
2008,12,19,3,1606
2008,12,19,4,1628
2008,12,19,5,1717
2008,12,19,6,1835
2008,12,19,7,1942
2008,12,19,8,2017
2008,12,19,9,2088
2008,12,19,10,2059
2008,12,19,11,1913
2008,12,19,12,1788
2008,12,19,13,1559
2008,12,19,14,1495
2008,12,19,15,1405
2008,12,19,16,1465
2008,12,19,17,1564
2008,12,19,18,1755
2008,12,19,19,1949
2008,12,19,20,2123
2008,12,19,21,2196
2008,12,19,22,2251
2008,12,19,23,2244
2008,12,20,0,2140
2008,12,20,1,2002
2008,12,20,2,1799
2008,12,20,3,1673
2008,12,20,4,1583
2008,12,20,5,1672
2008,12,20,6,1740
2008,12,20,7,1836
2008,12,20,8,1911
2008,12,20,9,2005
2008,12,20,10,2019
2008,12,20,11,1983
2008,12,20,12,1938
2008,12,20,13,1802
2008,12,20,14,1558
2008,12,20,15,1565
2008,12,20,16,1566
2008,12,20,17,1580
2008,12,20,18,1667
2008,12,20,19,1810
2008,12,20,20,1956
2008,12,20,21,2118
2008,12,20,22,2208
2008,12,20,23,2209
2008,12,21,0,2192
2008,12,21,1,2112
2008,12,21,2,1977
2008,12,21,3,1737
2008,12,21,4,1625
2008,12,21,5,1575
2008,12,21,6,1568
2008,12,21,7,1595
2008,12,21,8,1741
2008,12,21,9,1839
2008,12,21,10,1906
2008,12,21,11,1939
2008,12,21,12,1952
2008,12,21,13,1908
2008,12,21,14,1849
2008,12,21,15,1680
2008,12,21,16,1655
2008,12,21,17,1540
2008,12,21,18,1642
2008,12,21,19,1754
2008,12,21,20,1808
2008,12,21,21,1979
2008,12,21,22,2065
2008,12,21,23,2144
2008,12,22,0,2133
2008,12,22,1,2095
2008,12,22,2,1972
2008,12,22,3,1779
2008,12,22,4,1584
2008,12,22,5,1429
2008,12,22,6,1429
2008,12,22,7,1426
2008,12,22,8,1472
2008,12,22,9,1583
2008,12,22,10,1758
2008,12,22,11,1815
2008,12,22,12,1848
2008,12,22,13,1837
2008,12,22,14,1768
2008,12,22,15,1816
2008,12,22,16,1650
2008,12,22,17,1553
2008,12,22,18,1510
2008,12,22,19,1478
2008,12,22,20,1586
2008,12,22,21,1721
2008,12,22,22,1866
2008,12,22,23,2001
2008,12,23,0,2101
2008,12,23,1,2141
2008,12,23,2,2138
2008,12,23,3,1890
2008,12,23,4,1804
2008,12,23,5,1545
2008,12,23,6,1408
2008,12,23,7,1334
2008,12,23,8,1343
2008,12,23,9,1572
2008,12,23,10,1571
2008,12,23,11,1693
2008,12,23,12,1798
2008,12,23,13,1957
2008,12,23,14,1965
2008,12,23,15,1907
2008,12,23,16,1802
2008,12,23,17,1652
2008,12,23,18,1588
2008,12,23,19,1568
2008,12,23,20,1548
2008,12,23,21,1671
2008,12,23,22,1782
2008,12,23,23,1907
2008,12,24,0,2078
2008,12,24,1,2113
2008,12,24,2,2097
2008,12,24,3,2071
2008,12,24,4,1892
2008,12,24,5,1650
2008,12,24,6,1522
2008,12,24,7,1374
2008,12,24,8,1311
2008,12,24,9,1341
2008,12,24,10,1445
2008,12,24,11,1615
2008,12,24,12,1785
2008,12,24,13,1933
2008,12,24,14,1977
2008,12,24,15,2019
2008,12,24,16,1941
2008,12,24,17,1801
2008,12,24,18,1686
2008,12,24,19,1582
2008,12,24,20,1549
2008,12,24,21,1586
2008,12,24,22,1685
2008,12,24,23,1817
2008,12,25,0,2007
2008,12,25,1,2197
2008,12,25,2,2184
2008,12,25,3,2132
2008,12,25,4,1990
2008,12,25,5,1863
2008,12,25,6,1535
2008,12,25,7,1374
2008,12,25,8,1292
2008,12,25,9,1268
2008,12,25,10,1347
2008,12,25,11,1501
2008,12,25,12,1670
2008,12,25,13,1799
2008,12,25,14,1983
2008,12,25,15,2041
2008,12,25,16,1948
2008,12,25,17,1901
2008,12,25,18,1795
2008,12,25,19,1624
2008,12,25,20,1514
2008,12,25,21,1491
2008,12,25,22,1555
2008,12,25,23,1656
2008,12,26,0,1884
2008,12,26,1,2101
2008,12,26,2,2162
2008,12,26,3,2135
2008,12,26,4,2196
2008,12,26,5,1971
2008,12,26,6,1807
2008,12,26,7,1412
2008,12,26,8,1244
2008,12,26,9,1151
2008,12,26,10,1199
2008,12,26,11,1356
2008,12,26,12,1615
2008,12,26,13,1788
2008,12,26,14,1962
2008,12,26,15,2054
2008,12,26,16,2115
2008,12,26,17,2054
2008,12,26,18,1929
2008,12,26,19,1737
2008,12,26,20,1574
2008,12,26,21,1493
2008,12,26,22,1542
2008,12,26,23,1634
2008,12,27,0,1826
2008,12,27,1,2009
2008,12,27,2,2147
2008,12,27,3,2179
2008,12,27,4,2230
2008,12,27,5,2113
2008,12,27,6,1922
2008,12,27,7,1609
2008,12,27,8,1354
2008,12,27,9,1203
2008,12,27,10,1163
2008,12,27,11,1270
2008,12,27,12,1471
2008,12,27,13,1715
2008,12,27,14,1941
2008,12,27,15,2118
2008,12,27,16,2175
2008,12,27,17,2179
2008,12,27,18,2020
2008,12,27,19,1841
2008,12,27,20,1692
2008,12,27,21,1531
2008,12,27,22,1433
2008,12,27,23,1526
2008,12,28,0,1707
2008,12,28,1,1922
2008,12,28,2,2115
2008,12,28,3,2198
2008,12,28,4,2246
2008,12,28,5,2160
2008,12,28,6,2070
2008,12,28,7,1796
2008,12,28,8,1525
2008,12,28,9,1304
2008,12,28,10,1173
2008,12,28,11,1148
2008,12,28,12,1289
2008,12,28,13,1517
2008,12,28,14,1756
2008,12,28,15,1955
2008,12,28,16,2144
2008,12,28,17,2217
2008,12,28,18,2169
2008,12,28,19,1967
2008,12,28,20,1760
2008,12,28,21,1591
2008,12,28,22,1466
2008,12,28,23,1449
2008,12,29,0,1539
2008,12,29,1,1749
2008,12,29,2,1977
2008,12,29,3,2096
2008,12,29,4,2249
2008,12,29,5,2246
2008,12,29,6,2137
2008,12,29,7,1923
2008,12,29,8,1644
2008,12,29,9,1369
2008,12,29,10,1174
2008,12,29,11,1074
2008,12,29,12,1197
2008,12,29,13,1235
2008,12,29,14,1593
2008,12,29,15,1871
2008,12,29,16,2094
2008,12,29,17,2185
2008,12,30,8,1763
2008,12,30,9,1451
2008,12,30,10,1234
2008,12,30,11,1172
2008,12,30,12,1110
2008,12,30,13,1297
2008,12,30,14,1412
2008,12,30,15,1719
2008,12,30,16,2016
2008,12,30,17,2157
2008,12,30,18,2090
2008,12,30,19,2181
2008,12,31,9,1656
2008,12,31,10,1412
2008,12,31,11,1237
2008,12,31,12,1135
2008,12,31,13,1213
2008,12,31,14,1389
2008,12,31,15,1635
2008,12,31,16,1885
2008,12,31,17,2077
2008,12,31,18,2191
2008,12,31,19,2216
2008,12,31,20,2144
2008,12,31,21,1985
2008,12,31,22,1783
2008,12,31,23,1601
2009,1,1,0,1497
2009,1,1,1,1505
2009,1,1,2,1616
2009,1,1,3,1790
2009,1,1,4,1970
2009,1,1,5,2104
2009,1,1,6,2164
2009,1,1,7,2142
2009,1,1,8,2027
2009,1,1,9,1822
2009,1,1,10,1535
2009,1,1,11,1317
2009,1,1,12,1196
2009,1,1,13,1164
2009,1,1,14,1268
2009,1,1,15,1465
2009,1,1,16,1747
2009,1,1,17,1961
2009,1,1,18,2077
2009,1,1,19,2201
2009,1,1,20,2163
2009,1,1,21,2070
2009,1,1,22,1894
2009,1,1,23,1651
2009,1,2,0,1501
2009,1,2,1,1437
2009,1,2,2,1505
2009,1,2,3,1633
2009,1,2,4,1804
2009,1,2,5,1964
2009,1,2,6,2068
2009,1,2,7,2103
2009,1,2,8,2064
2009,1,2,9,1925
2009,1,2,10,1756
2009,1,2,11,1516
2009,1,2,12,1327
2009,1,2,13,1216
2009,1,2,14,1295
2009,1,2,15,1435
2009,1,2,16,1644
2009,1,2,17,1854
2009,1,2,18,2047
2009,1,2,19,2176
2009,1,2,20,2218
2009,1,2,21,2232
2009,1,2,22,2051
2009,1,2,23,1854
2009,1,3,0,1675
2009,1,3,1,1501
2009,1,3,2,1418
2009,1,3,3,1486
2009,1,3,4,1657
2009,1,3,5,1804
2009,1,3,6,1886
2009,1,3,7,2039
2009,1,3,8,2077
2009,1,3,9,2032
2009,1,3,10,1863
2009,1,3,11,1636
2009,1,3,12,1479
2009,1,3,13,1335
2009,1,3,14,1289
2009,1,3,15,1401
2009,1,3,16,1535
2009,1,3,17,1726
2009,1,3,18,1908
2009,1,3,19,2051
2009,1,3,20,2161
2009,1,3,21,2187
2009,1,3,22,2172
2009,1,3,23,2013
2009,1,4,0,1824
2009,1,4,1,1636
2009,1,4,2,1514
2009,1,4,3,1487
2009,1,4,4,1541
2009,1,4,5,1655
2009,1,4,6,1791
2009,1,4,7,1908
2009,1,4,8,1978
2009,1,4,9,1996
2009,1,4,10,1952
2009,1,4,11,1786
2009,1,4,12,1614
2009,1,4,13,1478
2009,1,4,14,1381
2009,1,4,15,1346
2009,1,4,16,1417
2009,1,5,10,1910
2009,1,5,11,1879
2009,1,5,12,1775
2009,1,5,13,1643
2009,1,5,14,1492
2009,1,5,15,1385
2009,1,5,16,1381
2009,1,5,17,1490
2009,1,5,18,1627
2009,1,6,9,1687
2009,1,6,10,1788
2009,1,6,11,1846
2009,1,6,12,1851
2009,1,6,13,1818
2009,1,6,14,1698
2009,1,6,15,1563
2009,1,6,16,1455
2009,1,6,17,1420
2009,1,6,18,1463
2009,1,6,19,1567
2009,1,6,20,1743
2009,1,7,9,1494
2009,1,7,10,1640
2009,1,7,11,1778
2009,1,7,12,1856
2009,1,7,13,1907
2009,1,7,14,1869
2009,1,7,15,1724
2009,1,7,16,1569
2009,1,8,11,1574
2009,1,8,12,1788
2009,1,8,13,1923
2009,1,8,14,1999
2009,1,8,15,1905
2009,1,8,16,1798
2009,1,9,9,1023
2009,1,9,10,1152
2009,1,9,11,1348
2009,1,9,12,1613
2009,1,9,13,1852
2009,1,9,14,2025
2009,1,9,15,2089
2009,1,9,16,2026
2009,1,9,17,1859
2009,1,9,18,1644
2009,1,9,19,1391
2009,1,10,11,1105
2009,1,10,12,1408
2009,1,10,13,1694
2009,1,10,14,1942
2009,1,10,15,2153
2009,1,10,16,2195
2009,1,10,17,2098
2009,1,10,18,1868
2009,1,10,19,1576
2009,1,10,20,1291
2009,1,10,21,1171
2009,1,10,22,1197
2009,1,10,23,1330
2009,1,11,0,1593
2009,1,11,1,1870
2009,1,11,2,2110
2009,1,11,3,2280
2009,1,11,4,2343
2009,1,11,5,2259
2009,1,11,6,1936
2009,1,11,7,1522
2009,1,11,8,1172
2009,1,11,9,927
2009,1,11,10,837
2009,1,11,11,919
2009,1,11,12,1171
2009,1,11,13,1492
2009,1,11,14,1796
2009,1,11,15,2082
2009,1,11,16,2199
2009,1,11,17,2194
2009,1,11,18,2146
2009,1,11,19,1903
2009,1,11,20,1543
2009,1,11,21,1237
2009,1,11,22,1183
2009,1,11,23,1203
2009,1,12,0,1366
2009,1,12,1,1616
2009,1,12,2,1878
2009,1,12,3,2127
2009,1,12,4,2292
2009,1,12,5,2338
2009,1,12,6,2160
2009,1,12,7,1830
2009,1,12,8,1314
2009,1,12,9,1116
2009,1,12,10,893
2009,1,12,11,833
2009,1,12,12,955
2009,1,12,13,1215
2009,1,12,14,1520
2009,1,12,15,1801
2009,1,12,16,2025
2009,1,12,17,2162
2009,1,12,18,2166
2009,1,12,19,2003
2009,1,12,20,1708
2009,1,12,21,1383
2009,1,12,22,1286
2009,1,12,23,1197
2009,1,13,0,1234
2009,1,13,1,1410
2009,1,13,2,1671
2009,1,13,3,1927
2009,1,13,4,2123
2009,1,13,5,2230
2009,1,13,6,2215
2009,1,13,7,2041
2009,1,13,8,1726
2009,1,13,9,1357
2009,1,13,10,1054
2009,1,13,11,888
2009,1,13,12,897
2009,1,13,13,1079
2009,1,13,14,1334
2009,1,13,15,1679
2009,1,13,16,1986
2009,1,13,17,2232
2009,1,13,18,2317
2009,1,13,19,2261
2009,1,13,20,2192
2009,1,13,21,1851
2009,1,13,22,1394
2009,1,13,23,1322
2009,1,14,0,1272
2009,1,14,1,1357
2009,1,14,2,1564
2009,1,14,3,1799
2009,1,14,4,2091
2009,1,14,5,2230
2009,1,14,6,2281
2009,1,14,7,2270
2009,1,14,8,2096
2009,1,14,9,1763
2009,1,14,10,1409
2009,1,14,11,1141
2009,1,14,12,1020
2009,1,14,13,1039
2009,1,14,14,1274
2009,1,14,15,1584
2009,1,14,16,1935
2009,1,14,17,2145
2009,1,14,18,2331
2009,1,14,19,2420
2009,1,14,20,2375
2009,1,14,21,2138
2009,1,14,22,1817
2009,1,14,23,1588
2009,1,15,0,1372
2009,1,15,1,1344
2009,1,15,2,1465
2009,1,15,3,1610
2009,1,15,4,1860
2009,1,15,5,2072
2009,1,15,6,2220
2009,1,15,7,2223
2009,1,15,8,2150
2009,1,15,9,1950
2009,1,15,10,1653
2009,1,15,11,1371
2009,1,15,12,1188
2009,1,15,13,1148
2009,1,15,14,1253
2009,1,15,15,1471
2009,1,15,16,1730
2009,1,15,17,1966
2009,1,15,18,2156
2009,1,15,19,2286
2009,1,15,20,2324
2009,1,15,21,2261
2009,1,15,22,2057
2009,1,15,23,1782
2009,1,16,0,1531
2009,1,16,1,1392
2009,1,16,2,1371
2009,1,16,3,1497
2009,1,16,4,1672
2009,1,16,5,1854
2009,1,16,6,1995
2009,1,16,7,2078
2009,1,16,8,2086
2009,1,16,9,1996
2009,1,16,10,1843
2009,1,16,11,1577
2009,1,16,12,1344
2009,1,16,13,1214
2009,1,16,14,1232
2009,1,16,15,1379
2009,1,16,16,1593
2009,1,16,17,1845
2009,1,16,18,2019
2009,1,16,19,2160
2009,1,16,20,2256
2009,1,16,21,2230
2009,1,16,22,2124
2009,1,16,23,1942
2009,1,17,0,1701
2009,1,17,1,1478
2009,1,17,2,1398
2009,1,17,3,1429
2009,1,17,4,1512
2009,1,17,5,1683
2009,1,17,6,1848
2009,1,17,7,1945
2009,1,17,8,1993
2009,1,17,9,1978
2009,1,17,10,1874
2009,1,17,11,1704
2009,1,17,12,1510
2009,1,17,13,1366
2009,1,17,14,1308
2009,1,17,15,1356
2009,1,17,16,1524
2009,1,17,17,1695
2009,1,17,18,1863
2009,1,17,19,2022
2009,1,17,20,2102
2009,1,17,21,2148
2009,1,17,22,2131
2009,1,17,23,2038
2009,1,18,0,1855
2009,1,18,1,1625
2009,1,18,2,1496
2009,1,18,3,1417
2009,1,18,4,1451
2009,1,18,5,1546
2009,1,18,6,1675
2009,1,18,7,1747
2009,1,18,8,1830
2009,1,18,9,1875
2009,1,18,10,1878
2009,1,18,11,1797
2009,1,18,12,1649
2009,1,18,13,1562
2009,1,18,14,1459
2009,1,18,15,1424
2009,1,18,16,1513
2009,1,18,17,1608
2009,1,18,18,1728
2009,1,18,19,1852
2009,1,18,20,1955
2009,1,18,21,2034
2009,1,18,22,2068
2009,1,18,23,2027
2009,1,19,0,1943
2009,1,19,1,1792
2009,1,19,2,1596
2009,1,19,3,1433
2009,1,19,4,1406
2009,1,19,5,1408
2009,1,19,6,1465
2009,1,19,7,1564
2009,1,19,8,1661
2009,1,19,9,1740
2009,1,19,10,1753
2009,1,19,11,1788
2009,1,19,12,1721
2009,1,19,13,1656
2009,1,19,14,1554
2009,1,19,15,1538
2009,1,19,16,1513
2009,1,19,17,1564
2009,1,19,18,1647
2009,1,19,19,1747
2009,1,19,20,1801
2009,1,19,21,1908
2009,1,19,22,1998
2009,1,19,23,1992
2009,1,20,0,1940
2009,1,20,1,1866
2009,1,20,2,1701
2009,1,20,3,1573
2009,1,20,4,1467
2009,1,20,5,1399
2009,1,20,6,1387
2009,1,20,7,1430
2009,1,20,8,1591
2009,1,20,9,1644
2009,1,20,10,1690
2009,1,20,11,1718
2009,1,20,12,1788
2009,1,20,13,1825
2009,1,20,14,1716
2009,1,20,15,1628
2009,1,20,16,1538
2009,1,20,17,1569
2009,1,20,18,1592
2009,1,20,19,1618
2009,1,20,20,1733
2009,1,20,21,1799
2009,1,20,22,1840
2009,1,20,23,1931
2009,1,21,0,1984
2009,1,21,1,1942
2009,1,21,2,1842
2009,1,21,3,1728
2009,1,21,4,1529
2009,1,21,5,1407
2009,1,21,6,1385
2009,1,21,7,1292
2009,1,21,8,1341
2009,1,21,9,1519
2009,1,21,10,1560
2009,1,21,11,1675
2009,1,21,12,1753
2009,1,21,13,1796
2009,1,21,14,1797
2009,1,21,15,1748
2009,1,21,16,1657
2009,1,21,17,1588
2009,1,21,18,1558
2009,1,21,19,1515
2009,1,21,20,1531
2009,1,21,21,1699
2009,1,21,22,1737
2009,1,21,23,1854
2009,1,22,0,1967
2009,1,22,1,1996
2009,1,22,2,1984
2009,1,22,3,1780
2009,1,22,4,1698
2009,1,22,5,1478
2009,1,22,6,1288
2009,1,22,7,1280
2009,1,22,8,1211
2009,1,22,9,1301
2009,1,22,10,1437
2009,1,22,11,1606
2009,1,22,12,1692
2009,1,22,13,1819
2009,1,22,14,1904
2009,1,22,15,1923
2009,1,22,16,1845
2009,1,22,17,1712
2009,1,22,18,1581
2009,1,22,19,1482
2009,1,22,20,1506
2009,1,22,21,1587
2009,1,22,22,1679
2009,1,22,23,1820
2009,1,23,0,1950
2009,1,23,1,1994
2009,1,23,2,1998
2009,1,23,3,1951
2009,1,23,4,1871
2009,1,23,5,1663
2009,1,23,6,1398
2009,1,23,7,1282
2009,1,23,8,1130
2009,1,23,9,1160
2009,1,23,10,1279
2009,1,23,11,1458
2009,1,23,12,1666
2009,1,23,13,1761
2009,1,23,14,1934
2009,1,23,15,1952
2009,1,23,16,1941
2009,1,23,17,1785
2009,1,23,18,1662
2009,1,23,19,1520
2009,1,23,20,1451
2009,1,23,21,1464
2009,1,23,22,1551
2009,1,23,23,1690
2009,1,24,0,1847
2009,1,24,1,1976
2009,1,24,2,2028
2009,1,24,3,2028
2009,1,24,4,1970
2009,1,24,5,1784
2009,1,24,6,1507
2009,1,24,7,1296
2009,1,24,8,1121
2009,1,24,9,1084
2009,1,24,10,1129
2009,1,24,11,1204
2009,1,24,12,1503
2009,1,24,13,1770
2009,1,24,14,1869
2009,1,24,15,1957
2009,1,24,16,1949
2009,1,24,17,1862
2009,1,24,18,1734
2009,1,25,9,1001
2009,1,25,10,1015
2009,1,25,11,1159
2009,1,25,12,1382
2009,1,25,13,1657
2009,1,25,14,1866
2009,1,25,15,2004
2009,1,25,16,2050
2009,1,26,9,1117
2009,1,26,10,978
2009,1,26,11,1061
2009,1,26,12,1255
2009,1,26,13,1542
2009,1,26,14,1740
2009,1,26,15,1963
2009,1,26,16,2074
2009,1,26,17,2152
2009,1,26,18,2019
2009,1,26,19,1875
2009,1,26,20,1632
2009,1,27,9,1233
2009,1,27,10,1065
2009,1,27,11,1057
2009,1,27,12,1171
2009,1,27,13,1448
2009,1,27,14,1733
2009,1,27,15,1991
2009,1,27,16,2170
2009,1,27,17,2226
2009,1,27,18,2173
2009,1,27,19,2024
2009,1,27,20,1794
2009,1,27,21,1554
2009,1,27,22,1406
2009,1,27,23,1356
2009,1,28,0,1442
2009,1,28,1,1633
2009,1,28,2,1875
2009,1,28,3,2072
2009,1,28,4,2238
2009,1,28,5,2283
2009,1,28,6,2214
2009,1,28,7,2049
2009,1,28,8,1742
2009,1,28,9,1458
2009,1,28,10,1173
2009,1,28,11,1087
2009,1,28,12,1154
2009,1,28,13,1359
2009,1,28,14,1637
2009,1,28,15,1935
2009,1,28,16,2140
2009,1,28,17,2246
2009,1,28,18,2279
2009,1,28,19,2191
2009,1,28,20,2015
2009,1,28,21,1727
2009,1,28,22,1498
2009,1,28,23,1338
2009,1,29,0,1347
2009,1,29,1,1485
2009,1,29,2,1708
2009,1,29,3,1987
2009,1,29,4,2162
2009,1,29,5,2271
2009,1,29,6,2262
2009,1,29,7,2157
2009,1,29,8,1919
2009,1,29,9,1616
2009,1,29,10,1277
2009,1,29,11,1105
2009,1,29,12,1044
2009,1,29,13,1226
2009,1,29,14,1488
2009,1,29,15,1791
2009,1,29,16,2053
2009,1,29,17,2242
2009,1,29,18,2316
2009,1,29,19,2287
2009,1,29,20,2139
2009,1,29,21,1878
2009,1,29,22,1605
2009,1,29,23,1382
2009,1,30,0,1313
2009,1,30,1,1380
2009,1,30,2,1558
2009,1,30,3,1792
2009,1,30,4,2006
2009,1,30,5,2151
2009,1,30,6,2210
2009,1,30,7,2172
2009,1,30,8,2020
2009,1,30,9,1771
2009,1,30,10,1460
2009,1,30,11,1205
2009,1,30,12,1055
2009,1,30,13,1132
2009,1,30,14,1305
2009,1,30,15,1698
2009,1,30,16,1957
2009,1,30,17,2145
2009,1,30,18,2182
2009,1,30,19,2345
2009,1,30,20,2270
2009,1,30,21,2037
2009,1,30,22,1760
2009,1,30,23,1539
2009,1,31,0,1361
2009,1,31,1,1291
2009,1,31,2,1397
2009,1,31,3,1630
2009,1,31,4,1875
2009,1,31,5,2071
2009,1,31,6,2140
2009,1,31,7,2235
2009,1,31,8,2106
2009,1,31,9,1849
2009,1,31,10,1631
2009,1,31,11,1359
2009,1,31,12,1195
2009,1,31,13,1228
2009,1,31,14,1335
2009,1,31,15,1528
2009,1,31,16,1768
2009,1,31,17,2029
2009,1,31,18,2220
2009,1,31,19,2275
2009,1,31,20,2248
2009,1,31,21,2118
2009,1,31,22,1892
2009,1,31,23,1634
2009,2,1,0,1445
2009,2,1,1,1351
2009,2,1,2,1387
2009,2,1,3,1524
2009,2,1,4,1683
2009,2,1,5,1850
2009,2,1,6,1969
2009,2,1,7,2112
2009,2,1,8,2094
2009,2,1,9,1998
2009,2,1,10,1816
2009,2,1,11,1585
2009,2,1,12,1350
2009,2,1,13,1212
2009,2,1,14,1196
2009,2,1,15,1290
2009,2,1,16,1618
2009,2,1,17,1970
2009,2,1,18,2226
2009,2,1,19,2280
2009,2,1,20,2271
2009,2,1,21,2184
2009,2,1,22,2167
2009,2,1,23,1810
2009,2,2,0,1668
2009,2,2,1,1357
2009,2,2,2,1414
2009,2,2,3,1406
2009,2,2,4,1478
2009,2,2,5,1609
2009,2,2,6,1630
2009,2,2,7,1884
2009,2,2,8,2080
2009,2,2,9,2074
2009,2,2,10,1891
2009,2,2,11,1800
2009,2,2,12,1538
2009,2,2,13,1372
2009,2,2,14,1415
2009,2,2,15,1448
2009,2,2,16,1567
2009,2,2,17,1745
2009,2,2,18,1930
2009,2,2,19,2080
2009,2,2,20,2186
2009,2,2,21,2235
2009,2,2,22,2214
2009,2,2,23,2065
2009,2,3,0,1843
2009,2,3,1,1636
2009,2,3,2,1455
2009,2,3,3,1438
2009,2,3,4,1404
2009,2,3,5,1533
2009,2,3,6,1590
2009,2,3,7,1791
2009,2,3,8,1894
2009,2,3,9,1962
2009,2,3,10,1955
2009,2,3,11,1888
2009,2,3,12,1811
2009,2,3,13,1661
2009,2,3,14,1536
2009,2,3,15,1389
2009,2,3,16,1503
2009,2,3,17,1618
2009,2,3,18,1788
2009,2,3,19,1936
2009,2,3,20,2051
2009,2,3,21,2154
2009,2,3,22,2210
2009,2,3,23,2156
2009,2,4,0,2020
2009,2,4,1,1834
2009,2,4,2,1656
2009,2,4,3,1494
2009,2,4,4,1400
2009,2,4,5,1406
2009,2,4,6,1475
2009,2,4,7,1578
2009,2,4,8,1697
2009,2,4,9,1881
2009,2,4,10,1939
2009,2,4,11,1935
2009,2,4,12,1921
2009,2,4,13,1870
2009,2,4,14,1756
2009,2,4,15,1646
2009,2,4,16,1552
2009,2,4,17,1533
2009,2,4,18,1577
2009,2,4,19,1735
2009,2,4,20,1914
2009,2,4,21,2019
2009,2,4,22,2174
2009,2,4,23,2237
2009,2,5,0,2209
2009,2,5,1,2141
2009,2,5,2,1929
2009,2,5,3,1730
2009,2,5,4,1551
2009,2,5,5,1431
2009,2,5,6,1384
2009,2,5,7,1394
2009,2,5,8,1506
2009,2,5,9,1647
2009,2,5,10,1800
2009,2,5,11,1938
2009,2,5,12,2046
2009,2,5,13,2046
2009,2,5,14,1993
2009,2,5,15,1839
2009,2,5,16,1701
2009,2,5,17,1625
2009,2,5,18,1548
2009,2,5,19,1615
2009,2,5,20,1678
2009,2,5,21,1852
2009,2,5,22,1988
2009,2,5,23,2156
2009,2,6,0,2259
2009,2,6,1,2243
2009,2,6,2,2173
2009,2,6,3,1993
2009,2,6,4,1778
2009,2,6,5,1526
2009,2,6,6,1364
2009,2,6,7,1287
2009,2,6,8,1308
2009,2,6,9,1420
2009,2,6,10,1553
2009,2,6,11,1759
2009,2,6,12,1953
2009,2,6,13,2078
2009,2,6,14,2128
2009,2,6,15,2078
2009,2,6,16,1936
2009,2,6,17,1775
2009,2,6,18,1584
2009,2,6,19,1481
2009,2,6,20,1524
2009,2,6,21,1620
2009,2,6,22,1763
2009,2,6,23,1964
2009,2,7,0,2153
2009,2,7,1,2298
2009,2,7,2,2307
2009,2,7,3,2232
2009,2,7,4,2021
2009,2,7,5,1748
2009,2,7,6,1473
2009,2,7,7,1265
2009,2,7,8,1154
2009,2,7,9,1188
2009,2,7,10,1341
2009,2,7,11,1580
2009,2,7,12,1833
2009,2,7,13,2067
2009,2,7,14,2213
2009,2,7,15,2262
2009,2,7,16,2147
2009,2,7,17,1972
2009,2,7,18,1772
2009,2,7,19,1522
2009,2,7,20,1398
2009,2,7,21,1378
2009,2,7,22,1523
2009,2,7,23,1719
2009,2,8,0,1979
2009,2,8,1,2206
2009,2,8,2,2323
2009,2,8,3,2361
2009,2,8,4,2255
2009,2,8,5,2007
2009,2,8,6,1652
2009,2,8,7,1308
2009,2,8,8,1135
2009,2,8,9,1059
2009,2,8,10,1077
2009,2,8,11,1256
2009,2,8,12,1542
2009,2,8,13,1829
2009,2,8,14,2080
2009,2,8,15,2260
2009,2,8,16,2323
2009,2,8,17,2251
2009,2,8,18,1952
2009,2,8,19,1695
2009,2,8,20,1486
2009,2,8,21,1387
2009,2,8,22,1318
2009,2,8,23,1475
2009,2,9,0,1723
2009,2,9,1,1980
2009,2,9,2,2193
2009,2,9,3,2331
2009,2,9,4,2356
2009,2,9,5,2226
2009,2,9,6,1943
2009,2,9,7,1587
2009,2,9,8,1261
2009,2,9,9,1046
2009,2,9,10,989
2009,2,9,11,1074
2009,2,9,12,1342
2009,2,9,13,1693
2009,2,9,14,2051
2009,2,9,15,2233
2009,2,9,16,2392
2009,2,10,11,997
2009,2,10,12,1197
2009,2,10,13,1511
2009,2,10,14,1870
2009,2,10,15,2177
2009,2,10,16,2420
2009,2,10,17,2519
2009,2,10,18,2465
2009,2,10,19,2236
2009,2,10,20,1889
2009,2,10,21,1541
2009,2,10,22,1299
2009,2,10,23,1207
2009,2,11,0,1312
2009,2,11,1,1552
2009,2,11,2,1866
2009,2,11,3,2162
2009,2,11,4,2341
2009,2,11,5,2382
2009,2,11,6,2388
2009,2,11,7,2123
2009,2,11,8,1724
2009,2,11,9,1359
2009,2,11,10,1088
2009,2,11,11,956
2009,2,11,12,1060
2009,2,11,13,1324
2009,2,11,14,1667
2009,2,11,15,1997
2009,2,11,16,2272
2009,2,11,17,2445
2009,2,11,18,2506
2009,2,11,19,2404
2009,2,11,20,2131
2009,2,11,21,1773
2009,2,11,22,1451
2009,2,11,23,1253
2009,2,12,0,1237
2009,2,12,1,1354
2009,2,12,2,1620
2009,2,12,3,1910
2009,2,12,4,2166
2009,2,12,5,2320
2009,2,12,6,2373
2009,2,12,7,2278
2009,2,12,8,2019
2009,2,12,9,1628
2009,2,12,10,1295
2009,2,12,11,1084
2009,2,12,12,1034
2009,2,12,13,1203
2009,2,12,14,1489
2009,2,12,15,1811
2009,2,12,16,2098
2009,2,12,17,2296
2009,2,12,18,2414
2009,2,12,19,2414
2009,2,12,20,2240
2009,2,12,21,1935
2009,2,12,22,1588
2009,2,12,23,1309
2009,2,13,0,1196
2009,2,13,1,1235
2009,2,13,2,1406
2009,2,13,3,1685
2009,2,13,4,1957
2009,2,13,5,2130
2009,2,13,6,2224
2009,2,13,7,2221
2009,2,13,8,2090
2009,2,13,9,1862
2009,2,13,10,1515
2009,2,13,11,1239
2009,2,13,12,1098
2009,2,13,13,1169
2009,2,13,14,1376
2009,2,13,15,1570
2009,2,13,16,1889
2009,2,13,17,2160
2009,2,13,18,2250
2009,2,13,19,2320
2009,2,13,20,2271
2009,2,13,21,2112
2009,2,13,22,1763
2009,2,13,23,1552
2009,2,14,0,1359
2009,2,14,1,1299
2009,2,14,2,1368
2009,2,14,3,1539
2009,2,14,4,1745
2009,2,14,5,1925
2009,2,14,6,2045
2009,2,14,7,2094
2009,2,14,8,2052
2009,2,14,9,1901
2009,2,14,10,1683
2009,2,14,11,1430
2009,2,14,12,1256
2009,2,14,13,1237
2009,2,14,14,1315
2009,2,14,15,1492
2009,2,15,10,1832
2009,2,15,11,1648
2009,2,15,12,1483
2009,2,15,13,1391
2009,2,15,14,1407
2009,2,15,15,1529
2009,2,15,16,1711
2009,2,15,17,1923
2009,2,15,18,2095
2009,2,15,19,2177
2009,2,15,20,2192
2009,2,15,21,2181
2009,2,15,22,2074
2009,2,15,23,1903
2009,2,16,0,1702
2009,2,16,1,1540
2009,2,16,2,1464
2009,2,16,3,1478
2009,2,16,4,1559
2009,2,16,5,1685
2009,2,16,6,1810
2009,2,16,7,1906
2009,2,16,8,1960
2009,2,16,9,1962
2009,2,16,10,1925
2009,2,16,11,1840
2009,2,16,12,1735
2009,2,16,13,1578
2009,2,16,14,1482
2009,2,16,15,1580
2009,2,16,16,1602
2009,2,16,17,1781
2009,2,16,18,1952
2009,2,16,19,1979
2009,2,16,20,2085
2009,2,16,21,2105
2009,2,16,22,2099
2009,2,16,23,1996
2009,2,17,0,1855
2009,2,17,1,1668
2009,2,17,2,1517
2009,2,17,3,1537
2009,2,17,4,1497
2009,2,17,5,1567
2009,2,17,6,1670
2009,2,17,7,1772
2009,2,17,8,1847
2009,2,17,9,1889
2009,2,17,10,1892
2009,2,17,11,1910
2009,2,17,12,1791
2009,2,17,13,1699
2009,2,17,14,1593
2009,2,17,15,1637
2009,2,17,16,1655
2009,2,17,17,1715
2009,2,17,18,1795
2009,2,17,19,1906
2009,2,17,20,2000
2009,2,17,21,2026
2009,2,17,22,2076
2009,2,17,23,2010
2009,2,18,0,1913
2009,2,18,1,1859
2009,2,18,2,1688
2009,2,18,3,1551
2009,2,18,4,1516
2009,2,18,5,1473
2009,2,18,6,1544
2009,2,18,7,1608
2009,2,18,8,1697
2009,2,18,9,1777
2009,2,18,10,1839
2009,2,18,11,1814
2009,2,18,12,1862
2009,2,18,13,1847
2009,2,18,14,1811
2009,2,18,15,1736
2009,2,18,16,1682
2009,2,18,17,1675
2009,2,18,18,1727
2009,2,18,19,1796
2009,2,18,20,1874
2009,2,18,21,1935
2009,2,18,22,2023
2009,2,18,23,2044
2009,2,19,0,2021
2009,2,19,1,2021
2009,2,19,2,1916
2009,2,19,3,1734
2009,2,19,4,1580
2009,2,19,5,1504
2009,2,19,6,1471
2009,2,19,7,1497
2009,2,19,8,1567
2009,2,19,9,1638
2009,2,19,10,1765
2009,2,19,11,1878
2009,2,19,12,1950
2009,2,19,13,1961
2009,2,19,14,1939
2009,2,19,15,1878
2009,2,19,16,1843
2009,2,19,17,1731
2009,2,19,18,1704
2009,2,19,19,1699
2009,2,19,20,1731
2009,2,19,21,1826
2009,2,19,22,1909
2009,2,19,23,1964
2009,2,20,0,2018
2009,2,20,1,2034
2009,2,20,2,1948
2009,2,20,3,1838
2009,2,20,4,1754
2009,2,20,5,1529
2009,2,20,6,1369
2009,2,20,7,1384
2009,2,20,8,1424
2009,2,20,9,1465
2009,2,20,10,1641
2009,2,20,11,1708
2009,2,20,12,1871
2009,2,20,13,1945
2009,2,20,14,2031
2009,2,20,15,1939
2009,2,20,16,1868
2009,2,20,17,1745
2009,2,20,18,1590
2009,2,20,19,1609
2009,2,20,20,1592
2009,2,20,21,1676
2009,2,20,22,1780
2009,2,20,23,1898
2009,2,21,0,1995
2009,2,21,1,2044
2009,2,21,2,2039
2009,2,21,3,1970
2009,2,21,4,1836
2009,2,21,5,1663
2009,2,21,6,1496
2009,2,21,7,1373
2009,2,21,8,1318
2009,2,21,9,1382
2009,2,21,10,1529
2009,2,21,11,1711
2009,2,21,12,1801
2009,2,21,13,1975
2009,2,21,14,2089
2009,2,21,15,2072
2009,2,21,16,2054
2009,2,21,17,1911
2009,2,22,10,1414
2009,2,22,11,1551
2009,2,22,12,1795
2009,2,22,13,1967
2009,2,22,14,2101
2009,2,22,15,2162
2009,2,22,16,2135
2009,2,23,8,1298
2009,2,23,9,1227
2009,2,23,10,1289
2009,2,23,11,1432
2009,2,23,12,1663
2009,2,23,13,1923
2009,2,23,14,2147
2009,2,23,15,2245
2009,2,23,16,2250
2009,2,23,17,2185
2009,2,24,9,1209
2009,2,24,10,1189
2009,2,24,11,1269
2009,2,24,12,1503
2009,2,24,13,1781
2009,2,24,14,2027
2009,2,24,15,2208
2009,2,24,16,2301
2009,2,24,17,2262
2009,2,25,9,1189
2009,2,25,10,1090
2009,2,25,11,1161
2009,2,25,12,1337
2009,2,25,13,1632
2009,2,25,14,1933
2009,2,25,15,2177
2009,2,25,16,2341
2009,2,26,9,1266
2009,2,26,10,1124
2009,2,26,11,1111
2009,2,26,12,1199
2009,2,26,13,1462
2009,2,26,14,1827
2009,2,27,9,1417
2009,2,27,10,1184
2009,2,27,11,1097
2009,2,27,12,1131
2009,2,27,13,1315
2009,2,27,14,1638
2009,2,27,15,1965
2009,2,28,9,1693
2009,2,28,10,1397
2009,2,28,11,1207
2009,2,28,12,1153
2009,2,28,13,1257
2009,2,28,14,1525
2009,2,28,15,1839
2009,2,28,16,2093
2009,2,28,17,2263
2009,2,28,18,2348
2009,2,28,19,2332
2009,2,28,20,2187
2009,2,28,21,1927
2009,2,28,22,1615
2009,2,28,23,1358
2009,3,1,0,1237
2009,3,1,1,1273
2009,3,1,2,1435
2009,3,1,3,1673
2009,3,1,4,1910
2009,3,1,5,2083
2009,3,1,6,2173
2009,3,1,7,2176
2009,3,1,8,2072
2009,3,1,9,1857
2009,3,1,10,1612
2009,3,1,11,1362
2009,3,1,12,1208
2009,3,1,13,1203
2009,3,1,14,1406
2009,3,1,15,1694
2009,3,1,16,1958
2009,3,2,13,1299
2009,3,3,9,2043
2009,3,3,10,1939
2009,3,3,11,1772
2009,3,3,12,1594
2009,3,3,13,1471
2009,3,3,14,1445
2009,3,3,15,1516
2009,3,3,16,1669
2009,3,4,10,2065
2009,3,4,11,1961
2009,3,4,12,1839
2009,3,4,13,1692
2009,3,4,14,1512
2009,3,4,15,1558
2009,3,4,16,1601
2009,3,4,17,1702
2009,3,5,9,1840
2009,3,5,10,1987
2009,3,5,11,1990
2009,3,5,12,2010
2009,3,5,13,1868
2009,3,5,14,1760
2009,3,5,15,1662
2009,3,5,16,1602
2009,3,5,17,1601
2009,3,6,8,1530
2009,3,6,9,1692
2009,3,6,10,1820
2009,3,6,11,1983
2009,3,6,12,2058
2009,3,6,13,2055
2009,3,6,14,1971
2009,3,6,15,1848
2009,3,6,16,1711
2009,3,6,17,1607
2009,3,7,13,2127
2009,3,7,14,2155
2009,3,7,15,2074
2009,3,7,16,1905
2009,3,7,17,1705
2009,3,8,11,1680
2009,3,8,12,1953
2009,3,8,13,2200
2009,3,9,9,1180
2009,3,9,10,1279
2009,3,9,11,1544
2009,3,9,12,1849
2009,3,9,13,2074
2009,3,9,14,2307
2009,3,10,10,1143
2009,3,10,11,1334
2009,3,10,12,1637
2009,3,10,13,1954
2009,3,10,14,2238
2009,3,10,15,2455
2009,3,12,9,1334
2009,3,12,10,1098
2009,3,12,11,1036
2009,3,12,12,1147
2009,3,12,13,1615
2009,3,12,14,1803
2009,3,14,10,1394
2009,3,14,11,1240
2009,3,14,12,1232
2009,3,14,13,1369
2009,3,14,14,1610
2009,3,14,15,1881
2009,3,15,8,2069
2009,3,15,9,1899
2009,3,15,10,1686
2009,3,15,11,1477
2009,3,15,12,1379
2009,3,15,13,1402
2009,3,15,14,1546
2009,3,15,15,1763
2009,3,16,11,1575
2009,3,16,12,1465
2009,3,16,13,1450
2009,3,16,14,1532
2009,3,16,15,1697
2009,3,16,16,1888
2009,3,17,8,1977
2009,3,17,9,1972
2009,3,17,10,1902
2009,3,17,11,1759
2009,3,17,12,1607
2009,3,17,13,1526
2009,3,17,14,1512
2009,3,17,15,1578
2009,3,17,16,1698
2009,3,18,8,1852
2009,3,18,9,1887
2009,3,18,10,1880
2009,3,18,11,1791
2009,3,18,12,1688
2009,3,18,13,1645
2009,3,18,14,1617
2009,3,18,15,1612
2009,3,18,16,1612
2009,3,18,17,1775
2009,3,19,8,1693
2009,3,19,9,1777
2009,3,19,10,1830
2009,3,19,11,1818
2009,3,19,12,1779
2009,3,19,13,1711
2009,3,19,14,1635
2009,3,19,15,1577
2009,3,20,9,1666
2009,3,20,10,1747
2009,3,20,11,1835
2009,3,20,12,1855
2009,3,20,13,1844
2009,3,20,14,1799
2009,3,20,15,1734
2009,3,21,9,1540
2009,3,21,10,1665
2009,3,21,11,1785
2009,3,21,12,1875
2009,3,21,13,1911
2009,3,21,14,1871
2009,3,21,15,1839
2009,3,22,9,1401
2009,3,22,10,1526
2009,3,22,11,1692
2009,3,22,12,1843
2009,3,22,13,1942
2009,3,22,14,1977
2009,3,22,15,1910
2009,3,22,16,1823
2009,3,23,8,1243
2009,3,23,9,1260
2009,3,23,10,1421
2009,3,23,11,1621
2009,3,23,12,1840
2009,3,23,13,2022
2009,3,23,14,2099
2009,3,23,15,2090
2009,3,23,16,2019
2009,3,24,8,1174
2009,3,24,9,1198
2009,3,24,10,1350
2009,3,24,11,1590
2009,3,24,12,1821
2009,3,24,13,2025
2009,3,24,14,2169
2009,3,24,15,2231
2009,3,27,8,1308
2009,3,27,9,1105
2009,3,27,10,1044
2009,3,27,11,1151
2009,3,27,12,1412
2009,3,27,13,1711
2009,3,27,14,2015
2009,3,27,15,2249
2009,3,27,16,2395
2009,3,28,10,1199
2009,3,29,8,1807
2009,3,29,9,1517
2009,3,29,10,1271
2009,3,29,11,1159
2009,3,29,12,1206
2009,3,29,13,1398
2009,3,29,14,1681
2009,3,29,15,1971
2009,3,29,16,2198
2009,3,30,10,1503
2009,3,30,11,1269
2009,3,30,12,1195
2009,3,30,13,1260
2009,3,30,14,1500
2009,3,30,15,1839
2009,3,31,9,1939
2009,3,31,10,1738
2009,3,31,11,1529
2009,3,31,12,1416
2009,3,31,13,1359
2009,3,31,14,1443
2009,3,31,15,1615
2009,3,31,16,1827
2009,3,31,17,2014
2009,3,31,18,2142
2009,3,31,19,2203
2009,3,31,20,2184
2009,3,31,21,2064
2009,3,31,22,1842
2009,3,31,23,1577
2009,4,1,0,1357
2009,4,1,1,1248
2009,4,1,2,1259
2009,4,1,3,1368
2009,4,1,4,1548
2009,4,1,5,1747
2009,4,1,6,1916
2009,4,1,7,2033
2009,4,1,8,2096
2009,4,1,9,2084
2009,4,1,10,1939
2009,4,1,11,1731
2009,4,1,12,1571
2009,4,1,13,1468
2009,4,1,14,1458
2009,4,1,15,1537
2009,4,2,10,1959
2009,4,2,11,1886
2009,4,2,12,1790
2009,4,2,13,1678
2009,4,2,14,1487
2009,4,2,15,1453
2009,4,2,16,1489
2009,4,3,9,1879
2009,4,3,10,1962
2009,4,3,11,1997
2009,4,3,12,1961
2009,4,3,13,1854
2009,4,3,14,1709
2009,4,3,15,1577
2009,4,3,16,1493
2009,4,3,17,1470
2009,4,4,9,1564
2009,4,4,10,1839
2009,4,4,11,1999
2009,4,4,12,2052
2009,4,4,13,2028
2009,4,4,14,1935
2009,4,4,15,1742
2009,4,4,16,1635
2009,4,5,9,1530
2009,4,5,10,1718
2009,4,5,11,1908
2009,4,5,12,2074
2009,4,5,13,2176
2009,4,5,14,2155
2009,4,6,11,1803
2009,4,7,8,1217
2009,4,7,9,1253
2009,4,7,10,1414
2009,4,7,11,1644
2009,4,7,12,1923
2009,4,8,12,1769
2009,4,9,8,1271
2009,4,10,8,1504
2009,4,10,9,1259
2009,4,10,10,1155
2009,4,10,11,1209
2009,4,10,12,1396
2009,4,10,13,1645
2009,4,11,8,1745
2009,4,13,14,1671
2009,4,14,11,1521
2009,4,15,14,1543
2009,4,15,15,1638
2009,4,15,16,1763
2009,4,15,17,1914
2009,4,17,9,1907
2009,4,17,10,1871
2009,4,17,11,1881
2009,4,17,12,1807
2009,4,17,13,1564
2009,4,17,14,1577
2009,4,17,15,1577
